{
  "mlp": {
    "gender_accuracy": 0.870677537250492,
    "gender_f1_weighted": 0.8705240397858478,
    "gender_precision_weighted": 0.8753660255627682,
    "gender_recall_weighted": 0.870677537250492,
    "gender_confusion_matrix": [
      [
        1509,
        325
      ],
      [
        135,
        1588
      ]
    ],
    "age_mae": 8.907155688304327,
    "age_rmse": 12.38961393382485,
    "age_r2": 0.6054812034070216,
    "age_mae_by_decade": {
      "0-10": 6.740956778472729,
      "11-20": 9.157355340751442,
      "21-30": 6.375193144335891,
      "31-40": 7.206046085150023,
      "41-50": 9.453350868225098,
      "51-60": 12.803019619837006,
      "61-70": 15.000063253485639,
      "71-80": 17.7319456353245,
      "81-90": 24.610963400308187,
      "91-100": 29.21024735768636,
      "101-110": 58.7608388264974,
      "111-120": 63.48545837402344
    },
    "correct_examples_saved": [
      "outputs/plots_and_csv/correct_00000_gender_true_1_pred_1_age_true_22p0_pred_32p3.png",
      "outputs/plots_and_csv/correct_00001_gender_true_0_pred_0_age_true_56p0_pred_42p1.png",
      "outputs/plots_and_csv/correct_00003_gender_true_0_pred_0_age_true_60p0_pred_72p8.png",
      "outputs/plots_and_csv/correct_00004_gender_true_0_pred_0_age_true_30p0_pred_29p3.png",
      "outputs/plots_and_csv/correct_00005_gender_true_1_pred_1_age_true_26p0_pred_22p3.png"
    ],
    "incorrect_examples_saved": [
      "outputs/plots_and_csv/incorrect_00002_gender_true_0_pred_1_age_true_13p0_pred_10p1.png",
      "outputs/plots_and_csv/incorrect_00006_gender_true_0_pred_1_age_true_21p0_pred_27p5.png",
      "outputs/plots_and_csv/incorrect_00009_gender_true_0_pred_0_age_true_76p0_pred_58p9.png",
      "outputs/plots_and_csv/incorrect_00010_gender_true_1_pred_0_age_true_24p0_pred_20p4.png",
      "outputs/plots_and_csv/incorrect_00012_gender_true_0_pred_0_age_true_20p0_pred_35p7.png"
    ],
    "correct_examples_count": 5,
    "incorrect_examples_count": 5
  },
  "cnn": {
    "gender_accuracy": 0.9044138318807984,
    "gender_f1_weighted": 0.9044361115590667,
    "gender_precision_weighted": 0.904735168932541,
    "gender_recall_weighted": 0.9044138318807984,
    "gender_confusion_matrix": [
      [
        1642,
        192
      ],
      [
        148,
        1575
      ]
    ],
    "age_mae": 6.9107263727338255,
    "age_rmse": 9.411139980267649,
    "age_r2": 0.7723662680995981,
    "age_mae_by_decade": {
      "0-10": 5.04764968705981,
      "11-20": 7.1209726462493075,
      "21-30": 5.030729683159979,
      "31-40": 5.918557924949919,
      "41-50": 7.367274938730093,
      "51-60": 10.007397309255175,
      "61-70": 10.84760314485301,
      "71-80": 14.002769355314324,
      "81-90": 18.507719584873744,
      "91-100": 18.622156143188477,
      "101-110": 33.306165059407554,
      "111-120": 35.253211975097656
    },
    "correct_examples_saved": [
      "outputs/plots_and_csv/correct_00000_gender_true_1_pred_1_age_true_22p0_pred_28p6.png",
      "outputs/plots_and_csv/correct_00001_gender_true_0_pred_0_age_true_56p0_pred_44p4.png",
      "outputs/plots_and_csv/correct_00003_gender_true_0_pred_0_age_true_60p0_pred_66p5.png",
      "outputs/plots_and_csv/correct_00004_gender_true_0_pred_0_age_true_30p0_pred_22p2.png",
      "outputs/plots_and_csv/correct_00005_gender_true_1_pred_1_age_true_26p0_pred_32p5.png"
    ],
    "incorrect_examples_saved": [
      "outputs/plots_and_csv/incorrect_00002_gender_true_0_pred_1_age_true_13p0_pred_20p3.png",
      "outputs/plots_and_csv/incorrect_00006_gender_true_0_pred_1_age_true_21p0_pred_31p8.png",
      "outputs/plots_and_csv/incorrect_00009_gender_true_0_pred_0_age_true_76p0_pred_45p5.png",
      "outputs/plots_and_csv/incorrect_00018_gender_true_1_pred_0_age_true_85p0_pred_60p7.png",
      "outputs/plots_and_csv/incorrect_00024_gender_true_1_pred_1_age_true_15p0_pred_38p5.png"
    ],
    "correct_examples_count": 5,
    "incorrect_examples_count": 5
  },
  "resnet": {
    "gender_accuracy": 0.8360978352544279,
    "gender_f1_weighted": 0.8357773648616544,
    "gender_precision_weighted": 0.8370965601589853,
    "gender_recall_weighted": 0.8360978352544279,
    "gender_confusion_matrix": [
      [
        1598,
        236
      ],
      [
        347,
        1376
      ]
    ],
    "age_mae": 10.478796621579818,
    "age_rmse": 13.571391299449639,
    "age_r2": 0.5266298186457936,
    "age_mae_by_decade": {
      "0-10": 11.817714877141995,
      "11-20": 12.40697971734301,
      "21-30": 7.994170885094087,
      "31-40": 7.404519259466168,
      "41-50": 8.298223049457256,
      "51-60": 12.478299126780705,
      "61-70": 16.00545106763425,
      "71-80": 22.029516128172357,
      "81-90": 29.07417594612419,
      "91-100": 36.48937511444092,
      "101-110": 45.070822397867836,
      "111-120": 55.24917221069336
    },
    "correct_examples_saved": [
      "outputs/plots_and_csv/correct_00000_gender_true_1_pred_1_age_true_22p0_pred_31p1.png",
      "outputs/plots_and_csv/correct_00001_gender_true_0_pred_0_age_true_56p0_pred_50p4.png",
      "outputs/plots_and_csv/correct_00003_gender_true_0_pred_0_age_true_60p0_pred_55p5.png",
      "outputs/plots_and_csv/correct_00004_gender_true_0_pred_0_age_true_30p0_pred_30p2.png",
      "outputs/plots_and_csv/correct_00005_gender_true_1_pred_1_age_true_26p0_pred_23p1.png"
    ],
    "incorrect_examples_saved": [
      "outputs/plots_and_csv/incorrect_00002_gender_true_0_pred_0_age_true_13p0_pred_33p3.png",
      "outputs/plots_and_csv/incorrect_00006_gender_true_0_pred_1_age_true_21p0_pred_32p5.png",
      "outputs/plots_and_csv/incorrect_00009_gender_true_0_pred_0_age_true_76p0_pred_42p0.png",
      "outputs/plots_and_csv/incorrect_00015_gender_true_1_pred_0_age_true_48p0_pred_40p4.png",
      "outputs/plots_and_csv/incorrect_00018_gender_true_1_pred_0_age_true_85p0_pred_61p3.png"
    ],
    "correct_examples_count": 5,
    "incorrect_examples_count": 5
  },
  "ResNet_FineTuned": {
    "gender_accuracy": 0.9392746696654484,
    "gender_f1_weighted": 0.9392700953568601,
    "gender_precision_weighted": 0.9392750341862633,
    "gender_recall_weighted": 0.9392746696654484,
    "gender_confusion_matrix": [
      [
        1730,
        104
      ],
      [
        112,
        1611
      ]
    ],
    "age_mae": 5.192317889510563,
    "age_rmse": 7.336600222944932,
    "age_r2": 0.8616618824954279,
    "age_mae_by_decade": {
      "0-10": 2.436531228094958,
      "11-20": 5.181628484983702,
      "21-30": 3.3969769517982047,
      "31-40": 5.492412478148845,
      "41-50": 7.471405933086689,
      "51-60": 7.724886721602533,
      "61-70": 7.718764139258343,
      "71-80": 10.070988436779343,
      "81-90": 12.04432792168159,
      "91-100": 11.14731534322103,
      "101-110": 30.9229253133138,
      "111-120": 33.95851135253906
    },
    "correct_examples_saved": [
      "outputs/plots_and_csv/correct_00000_gender_true_1_pred_1_age_true_22p0_pred_26p5.png",
      "outputs/plots_and_csv/correct_00001_gender_true_0_pred_0_age_true_56p0_pred_47p8.png",
      "outputs/plots_and_csv/correct_00002_gender_true_0_pred_0_age_true_13p0_pred_17p3.png",
      "outputs/plots_and_csv/correct_00003_gender_true_0_pred_0_age_true_60p0_pred_68p4.png",
      "outputs/plots_and_csv/correct_00004_gender_true_0_pred_0_age_true_30p0_pred_26p2.png"
    ],
    "incorrect_examples_saved": [
      "outputs/plots_and_csv/incorrect_00006_gender_true_0_pred_1_age_true_21p0_pred_29p6.png",
      "outputs/plots_and_csv/incorrect_00009_gender_true_0_pred_0_age_true_76p0_pred_50p9.png",
      "outputs/plots_and_csv/incorrect_00018_gender_true_1_pred_0_age_true_85p0_pred_67p8.png",
      "outputs/plots_and_csv/incorrect_00023_gender_true_1_pred_1_age_true_26p0_pred_45p7.png",
      "outputs/plots_and_csv/incorrect_00024_gender_true_1_pred_1_age_true_15p0_pred_31p9.png"
    ],
    "correct_examples_count": 5,
    "incorrect_examples_count": 5
  },
  "CNN_Ablacion": {
    "gender_accuracy": 0.8495923531065505,