{
  "gender_accuracy": 0.8495923531065505,
  "gender_f1_weighted": 0.8495974410995452,
  "gender_precision_weighted": 0.8511414175196468,
  "gender_recall_weighted": 0.8495923531065505,
  "gender_confusion_matrix": [
    [
      1513,
      321
    ],
    [
      214,
      1509
    ]
  ],
  "age_mae": 6.6633924560865925,
  "age_rmse": 9.275820671330335,
  "age_r2": 0.7788653288191764,
  "age_mae_by_decade": {
    "0-10": 3.8829005013690905,
    "11-20": 5.423671197707129,
    "21-30": 4.7380485502557725,
    "31-40": 6.416495971323728,
    "41-50": 8.219887296236479,
    "51-60": 10.237708949193756,
    "61-70": 11.253126673076464,
    "71-80": 12.001547089542251,
    "81-90": 16.761617586210175,
    "91-100": 13.190015157063803,
    "101-110": 47.6798947652181,
    "111-120": 34.21739196777344
  },
  "correct_examples_saved": [
    "outputs/plots_and_csv/correct_00000_gender_true_1_pred_1_age_true_22p0_pred_28p5.png",
    "outputs/plots_and_csv/correct_00001_gender_true_0_pred_0_age_true_56p0_pred_43p3.png",
    "outputs/plots_and_csv/correct_00004_gender_true_0_pred_0_age_true_30p0_pred_18p7.png",
    "outputs/plots_and_csv/correct_00005_gender_true_1_pred_1_age_true_26p0_pred_28p3.png",
    "outputs/plots_and_csv/correct_00007_gender_true_0_pred_0_age_true_25p0_pred_27p3.png"
  ],
  "incorrect_examples_saved": [
    "outputs/plots_and_csv/incorrect_00002_gender_true_0_pred_1_age_true_13p0_pred_14p5.png",
    "outputs/plots_and_csv/incorrect_00003_gender_true_0_pred_0_age_true_60p0_pred_81p4.png",
    "outputs/plots_and_csv/incorrect_00006_gender_true_0_pred_1_age_true_21p0_pred_26p2.png",
    "outputs/plots_and_csv/incorrect_00009_gender_true_0_pred_0_age_true_76p0_pred_55p5.png",
    "outputs/plots_and_csv/incorrect_00012_gender_true_0_pred_1_age_true_20p0_pred_15p4.png"
  ],
  "correct_examples_count": 5,
  "incorrect_examples_count": 5
}