{
  "train_loss": [
    3.116236753534143,
    1.8243235582326973,
    1.5409740937549905,
    1.3769071792399679,
    1.2584527871162643,
    1.1778222337405557,
    1.1011365494838714,
    1.073601735273949,
    0.9797796537984599,
    0.9485034091316745,
    0.9233306331855772,
    0.8340495152120024,
    0.8016910762232303,
    0.7869986056078266,
    0.7563450630798007,
    0.7230860610976568,
    0.7002397415903039,
    0.658832278916835,
    0.6305469465007908,
    0.6256649135106584
  ],
  "validation_loss": [
    2.085466261253314,
    1.3586308470727086,
    1.4069766228593241,
    1.1908627871855573,
    1.2391883413756792,
    1.3117231642837868,
    1.3303709652346085,
    1.113587866886126,
    1.0755393905030863,
    1.080645871980386,
    1.1135993888863562,
    1.0955746259008134,
    1.1474583189184406,
    1.135264810011277,
    1.2719535712316146,
    1.1735321090245543,
    1.1390698269193968,
    1.1539918093096686,
    1.1613607095518852,
    1.252768332563986
  ]
}