{
  "train_loss": [
    132.67524190122876,
    80.3113070380799,
    66.0437089833268,
    57.95440251694346,
    51.029631164541584,
    47.40903853703493,
    44.820898500944196,
    42.33777866208363,
    39.65720391659968,
    37.721794150485515,
    36.343094640756526,
    34.43083488956278,
    32.4190238037753,
    32.23951922971536,
    29.564802126929,
    28.103182962480243,
    28.224481395757067,
    26.30836271439449,
    25.73838887250578,
    25.574869996519396
  ],
  "validation_loss": [
    85.03784567593723,
    64.86147957148515,
    55.391805530801264,
    58.71045968878524,
    49.555054425388676,
    57.92891233120243,
    46.25984454289062,
    50.94314626472739,
    49.84872359714572,
    47.43162449513834,
    45.466601943540624,
    51.606384929575455,
    53.48266502011345,
    42.44447240625645,
    48.29774306675983,
    45.03791497126473,
    43.37697455853525,
    42.42479844517059,
    43.193337696877855,
    43.26803877758631
  ]
}