{
  "gender_accuracy": 0.9044138318807984,
  "gender_f1_weighted": 0.9044361115590667,
  "gender_precision_weighted": 0.904735168932541,
  "gender_recall_weighted": 0.9044138318807984,
  "gender_confusion_matrix": [
    [
      1642,
      192
    ],
    [
      148,
      1575
    ]
  ],
  "age_mae": 6.9107263727338255,
  "age_rmse": 9.411139980267649,
  "age_r2": 0.7723662680995981,
  "age_mae_by_decade": {
    "0-10": 5.04764968705981,
    "11-20": 7.1209726462493075,
    "21-30": 5.030729683159979,
    "31-40": 5.918557924949919,
    "41-50": 7.367274938730093,
    "51-60": 10.007397309255175,
    "61-70": 10.84760314485301,
    "71-80": 14.002769355314324,
    "81-90": 18.507719584873744,
    "91-100": 18.622156143188477,
    "101-110": 33.306165059407554,
    "111-120": 35.253211975097656
  },
  "correct_examples_saved": [
    "outputs/plots_and_csv/correct_00000_gender_true_1_pred_1_age_true_22p0_pred_28p6.png",
    "outputs/plots_and_csv/correct_00001_gender_true_0_pred_0_age_true_56p0_pred_44p4.png",
    "outputs/plots_and_csv/correct_00003_gender_true_0_pred_0_age_true_60p0_pred_66p5.png",
    "outputs/plots_and_csv/correct_00004_gender_true_0_pred_0_age_true_30p0_pred_22p2.png",
    "outputs/plots_and_csv/correct_00005_gender_true_1_pred_1_age_true_26p0_pred_32p5.png"
  ],
  "incorrect_examples_saved": [
    "outputs/plots_and_csv/incorrect_00002_gender_true_0_pred_1_age_true_13p0_pred_20p3.png",
    "outputs/plots_and_csv/incorrect_00006_gender_true_0_pred_1_age_true_21p0_pred_31p8.png",
    "outputs/plots_and_csv/incorrect_00009_gender_true_0_pred_0_age_true_76p0_pred_45p5.png",
    "outputs/plots_and_csv/incorrect_00018_gender_true_1_pred_0_age_true_85p0_pred_60p7.png",
    "outputs/plots_and_csv/incorrect_00024_gender_true_1_pred_1_age_true_15p0_pred_38p5.png"
  ],
  "correct_examples_count": 5,
  "incorrect_examples_count": 5
}