{
  "train_loss": [
    4.518281062793646,
    2.915395092138076,
    2.6439151898964806,
    2.588746465980091,
    2.414415417582416,
    2.353798771996425,
    2.3368440931839696,
    2.233734367180388,
    2.148064483767283,
    2.1536921410935586,
    2.1142278649857977,
    2.028911662827274,
    2.040660324172824,
    2.016420882866662,
    1.9893647365305718,
    1.9288208624762777,
    1.9027969198436685,
    1.8629484980894377,
    1.8382244800292933,
    1.8076407376237935
  ],
  "validation_loss": [
    2.9917883599434716,
    2.439442118053629,
    2.4097479859406823,
    2.535065635653261,
    2.7468837975651126,
    2.3279898995355492,
    2.0549970257805223,
    2.031645647452304,
    2.142344101207463,
    2.1794279143298034,
    1.9958846872113016,
    2.0087571911119904,
    2.1789816619306634,
    1.9291392571478243,
    2.101666283419752,
    1.9126550643060554,
    1.9014555766960632,
    2.0374195892175218,
    1.8597479877643563,
    1.8041696811285544
  ]
}