{
  "gender_accuracy": 0.870677537250492,
  "gender_f1_weighted": 0.8705240397858478,
  "gender_precision_weighted": 0.8753660255627682,
  "gender_recall_weighted": 0.870677537250492,
  "gender_confusion_matrix": [
    [
      1509,
      325
    ],
    [
      135,
      1588
    ]
  ],
  "age_mae": 8.907155688304327,
  "age_rmse": 12.38961393382485,
  "age_r2": 0.6054812034070216,
  "age_mae_by_decade": {
    "0-10": 6.740956778472729,
    "11-20": 9.157355340751442,
    "21-30": 6.375193144335891,
    "31-40": 7.206046085150023,
    "41-50": 9.453350868225098,
    "51-60": 12.803019619837006,
    "61-70": 15.000063253485639,
    "71-80": 17.7319456353245,
    "81-90": 24.610963400308187,
    "91-100": 29.21024735768636,
    "101-110": 58.7608388264974,
    "111-120": 63.48545837402344
  },
  "correct_examples_saved": [
    "outputs/plots_and_csv/correct_00000_gender_true_1_pred_1_age_true_22p0_pred_32p3.png",
    "outputs/plots_and_csv/correct_00001_gender_true_0_pred_0_age_true_56p0_pred_42p1.png",
    "outputs/plots_and_csv/correct_00003_gender_true_0_pred_0_age_true_60p0_pred_72p8.png",
    "outputs/plots_and_csv/correct_00004_gender_true_0_pred_0_age_true_30p0_pred_29p3.png",
    "outputs/plots_and_csv/correct_00005_gender_true_1_pred_1_age_true_26p0_pred_22p3.png"
  ],
  "incorrect_examples_saved": [
    "outputs/plots_and_csv/incorrect_00002_gender_true_0_pred_1_age_true_13p0_pred_10p1.png",
    "outputs/plots_and_csv/incorrect_00006_gender_true_0_pred_1_age_true_21p0_pred_27p5.png",
    "outputs/plots_and_csv/incorrect_00009_gender_true_0_pred_0_age_true_76p0_pred_58p9.png",
    "outputs/plots_and_csv/incorrect_00010_gender_true_1_pred_0_age_true_24p0_pred_20p4.png",
    "outputs/plots_and_csv/incorrect_00012_gender_true_0_pred_0_age_true_20p0_pred_35p7.png"
  ],
  "correct_examples_count": 5,
  "incorrect_examples_count": 5
}