{
  "gender_accuracy": 0.9392746696654484,
  "gender_f1_weighted": 0.9392700953568601,
  "gender_precision_weighted": 0.9392750341862633,
  "gender_recall_weighted": 0.9392746696654484,
  "gender_confusion_matrix": [
    [
      1730,
      104
    ],
    [
      112,
      1611
    ]
  ],
  "age_mae": 5.192317889510563,
  "age_rmse": 7.336600222944932,
  "age_r2": 0.8616618824954279,
  "age_mae_by_decade": {
    "0-10": 2.436531228094958,
    "11-20": 5.181628484983702,
    "21-30": 3.3969769517982047,
    "31-40": 5.492412478148845,
    "41-50": 7.471405933086689,
    "51-60": 7.724886721602533,
    "61-70": 7.718764139258343,
    "71-80": 10.070988436779343,
    "81-90": 12.04432792168159,
    "91-100": 11.14731534322103,
    "101-110": 30.9229253133138,
    "111-120": 33.95851135253906
  },
  "correct_examples_saved": [
    "outputs/plots_and_csv/correct_00000_gender_true_1_pred_1_age_true_22p0_pred_26p5.png",
    "outputs/plots_and_csv/correct_00001_gender_true_0_pred_0_age_true_56p0_pred_47p8.png",
    "outputs/plots_and_csv/correct_00002_gender_true_0_pred_0_age_true_13p0_pred_17p3.png",
    "outputs/plots_and_csv/correct_00003_gender_true_0_pred_0_age_true_60p0_pred_68p4.png",
    "outputs/plots_and_csv/correct_00004_gender_true_0_pred_0_age_true_30p0_pred_26p2.png"
  ],
  "incorrect_examples_saved": [
    "outputs/plots_and_csv/incorrect_00006_gender_true_0_pred_1_age_true_21p0_pred_29p6.png",
    "outputs/plots_and_csv/incorrect_00009_gender_true_0_pred_0_age_true_76p0_pred_50p9.png",
    "outputs/plots_and_csv/incorrect_00018_gender_true_1_pred_0_age_true_85p0_pred_67p8.png",
    "outputs/plots_and_csv/incorrect_00023_gender_true_1_pred_1_age_true_26p0_pred_45p7.png",
    "outputs/plots_and_csv/incorrect_00024_gender_true_1_pred_1_age_true_15p0_pred_31p9.png"
  ],
  "correct_examples_count": 5,
  "incorrect_examples_count": 5
}