{
  "train_loss": [
    2.033645436655293,
    1.046719733107769,
    0.9037008358937281,
    0.8135206749296289,
    0.7223351980627715,
    0.6424911256115204,
    0.586969964045938,
    0.5279042928988907,
    0.46921530057953653,
    0.4174225002967223,
    0.39065937270921336,
    0.3427104098263833,
    0.31724190284919224,
    0.26987594221506755,
    0.26013112115946185,
    0.23276778160448208,
    0.22112473429201165,
    0.2062101746744045,
    0.18618246887544798,
    0.17697436980595607
  ],
  "validation_loss": [
    1.086560783289683,
    0.9175627431397497,
    0.9218943076139092,
    1.0933323882696198,
    1.1832030240542708,
    0.8430893242828489,
    0.9009475359364221,
    0.7595335334975218,
    0.8279542483146333,
    0.85748188474181,
    0.7530191025798313,
    0.8140428117209264,
    0.909724987129795,
    0.7540436851361471,
    0.842822292926475,
    0.836303295247064,
    0.7913836873690645,
    0.8617046642357105,
    0.8355577718822707,
    0.8507720978911736
  ]
}