{
  "train_loss": [
    4.678647453607511,
    3.3141623633351087,
    2.939270947891102,
    2.7455106640264333,
    2.6080509167976067,
    2.5543388464250416,
    2.4882349268288886,
    2.4454546986735344,
    2.4190221415545863,
    2.38406009698496,
    2.36858581854443,
    2.326809310640115,
    2.349122274349382,
    2.315624951813443,
    2.3086487700688476,
    2.2965757908753583,
    2.286679694350134,
    2.285715561209044,
    2.2634179240431043,
    2.276854369912603
  ],
  "validation_loss": [
    3.495381467656156,
    2.9570449970168124,
    2.741314841872259,
    2.5960889246117813,
    2.5460936628927398,
    2.477355155419177,
    2.4326031765868077,
    2.392487285912238,
    2.364898725623355,
    2.361093890143996,
    2.3816750706650143,
    2.3079090799604143,
    2.301631268822034,
    2.285767521445207,
    2.285710369642191,
    2.3148949307183178,
    2.270776415568503,
    2.271412800079792,
    2.2578589074120883,
    2.2613452237153884
  ]
}